-- --------------------------------------------------------
-- Servidor:                     127.0.0.1
-- Versão do servidor:           5.6.14 - MySQL Community Server (GPL)
-- OS do Servidor:               Win64
-- HeidiSQL Versão:              9.3.0.4984
-- --------------------------------------------------------

/*!40101 SET @OLD_CHARACTER_SET_CLIENT=@@CHARACTER_SET_CLIENT */;
/*!40101 SET NAMES utf8mb4 */;
/*!40014 SET @OLD_FOREIGN_KEY_CHECKS=@@FOREIGN_KEY_CHECKS, FOREIGN_KEY_CHECKS=0 */;
/*!40101 SET @OLD_SQL_MODE=@@SQL_MODE, SQL_MODE='NO_AUTO_VALUE_ON_ZERO' */;

-- Copiando estrutura para tabela curso.country
CREATE TABLE IF NOT EXISTS `country` (
  `Name` tinytext,
  `Capital` tinytext,
  `Continent` tinytext,
  `Area` decimal(15,0) DEFAULT NULL,
  `Population` decimal(15,0) DEFAULT NULL
) ENGINE=InnoDB DEFAULT CHARSET=utf8;

-- Copiando dados para a tabela curso.country: ~18 rows (aproximadamente)
/*!40000 ALTER TABLE `country` DISABLE KEYS */;
INSERT INTO `country` (`Name`, `Capital`, `Continent`, `Area`, `Population`) VALUES
	('Argentina', 'Buenos Aires', 'South America', 2777815, 43131965),
	('Bolivia', 'La Paz', 'South America', 1098575, 11410651),
	('Brazil', 'Brasilia', 'South America', 8511196, 205002000),
	('Canada', 'Ottawa', 'North America', 9976147, 35851774),
	('Chile', 'Santiago', 'South America', 756943, 18006407),
	('Colombia', 'Bogota', 'South America', 1138907, 48336300),
	('Cuba', 'Havana', 'North America', 114524, 11238317),
	('Ecuador', 'Quito', 'South America', 455502, 16027133),
	('El Salvador', 'San Salvador', 'North America', 20865, 6401240),
	('Guyana', 'Georgetown', 'South America', 214969, 746900),
	('Jamaica', 'Kingston', 'North America', 11424, 2717991),
	('Mexico', 'Mexico City', 'North America', 1967180, 121005815),
	('Nicaragua', 'Managua', 'North America', 139000, 6198406),
	('Paraguay', 'Asuncion', 'South America', 406576, 7003406),
	('Peru', 'Lima', 'South America', 1285215, 31151643),
	('United States of America', 'Washington', 'North America', 9363130, 321968000),
	('Uruguay', 'Montevideo', 'South America', 176140, 3415866),
	('Venezuela', 'Caracas', 'South America', 912047, 30620404);
/*!40000 ALTER TABLE `country` ENABLE KEYS */;


-- Copiando estrutura para tabela curso.customer
CREATE TABLE IF NOT EXISTS `customer` (
  `CustNo` tinytext,
  `Company` tinytext
) ENGINE=InnoDB DEFAULT CHARSET=utf8;

-- Copiando dados para a tabela curso.customer: ~55 rows (aproximadamente)
/*!40000 ALTER TABLE `customer` DISABLE KEYS */;
INSERT INTO `customer` (`CustNo`, `Company`) VALUES
	('1221', 'Kauai Dive Shoppe'),
	('1231', 'Unisco'),
	('1351', 'Sight Diver'),
	('1354', 'Cayman Divers World Unlimited'),
	('1356', 'Tom Sawyer Diving Centre'),
	('1380', 'Blue Jack Aqua Center'),
	('1384', 'VIP Divers Club'),
	('1510', 'Ocean Paradise'),
	('1513', 'Fantastique Aquatica'),
	('1551', 'Marmot Divers Club'),
	('1560', 'The Depth Charge'),
	('1563', 'Blue Sports'),
	('1624', 'Makai SCUBA Club'),
	('1645', 'Action Club'),
	('1651', 'Jamaica SCUBA Centre'),
	('1680', 'Island Finders'),
	('1984', 'Adventure Undersea'),
	('2118', 'Blue Sports Club'),
	('2135', 'Frank\'s Divers Supply'),
	('2156', 'Davy Jones\' Locker'),
	('2163', 'SCUBA Heaven'),
	('2165', 'Shangri-La Sports Center'),
	('2315', 'Divers of Corfu, Inc'),
	('2354', 'Kirk Enterprises'),
	('2975', 'George Bean & Co'),
	('2984', 'Professional Divers, Ltd'),
	('3041', 'Divers of Blue-green'),
	('3042', 'Gold Coast Supply'),
	('3051', 'San Pablo Dive Center'),
	('3052', 'Underwater Sports Co'),
	('3053', 'American SCUBA Supply'),
	('3054', 'Catamaran Dive Club'),
	('3055', 'Diver\'s Grotto'),
	('3151', 'Fisherman\'s Eye'),
	('3158', 'Action Diver Supply'),
	('3615', 'Marina SCUBA Center'),
	('3984', 'Blue Glass Happiness'),
	('4312', 'Divers of Venice'),
	('4531', 'On-Target SCUBA'),
	('4652', 'Jamaica Sun, Inc'),
	('4684', 'Underwater Fantasy'),
	('5132', 'Princess Island SCUBA'),
	('5151', 'Central Underwater Supplies'),
	('5163', 'Safari Under the Sea'),
	('5165', 'Larry\'s Diving School'),
	('5384', 'Tora Tora Tora'),
	('5412', 'Vashon Ventures'),
	('5432', 'Divers-for-Hire'),
	('5515', 'Ocean Adventures'),
	('6215', 'Underwater SCUBA Company'),
	('6312', 'Aquatic Drama'),
	('6516', 'The Diving Company'),
	('6582', 'Norwest\'er SCUBA Limited'),
	('6812', 'Waterspout SCUBA Center'),
	('9841', 'Neptune\'s Trident Supply');
/*!40000 ALTER TABLE `customer` ENABLE KEYS */;


-- Copiando estrutura para tabela curso.employee
CREATE TABLE IF NOT EXISTS `employee` (
  `EmpNo` tinytext,
  `LastName` tinytext,
  `FirstName` tinytext
) ENGINE=InnoDB DEFAULT CHARSET=utf8;

-- Copiando dados para a tabela curso.employee: ~42 rows (aproximadamente)
/*!40000 ALTER TABLE `employee` DISABLE KEYS */;
INSERT INTO `employee` (`EmpNo`, `LastName`, `FirstName`) VALUES
	('2', 'Nelson', 'Roberto'),
	('4', 'Young', 'Bruce'),
	('5', 'Lambert', 'Kim'),
	('8', 'Johnson', 'Leslie'),
	('9', 'Forest', 'Phil'),
	('11', 'Weston', 'K. J.'),
	('12', 'Lee', 'Terri'),
	('14', 'Hall', 'Stewart'),
	('15', 'Young', 'Katherine'),
	('20', 'Papadopoulos', 'Chris'),
	('24', 'Fisher', 'Pete'),
	('28', 'Bennet', 'Ann'),
	('29', 'De Souza', 'Roger'),
	('34', 'Baldwin', 'Janet'),
	('36', 'Reeves', 'Roger'),
	('37', 'Stansbury', 'Willie'),
	('44', 'Phong', 'Leslie'),
	('45', 'Ramanathan', 'Ashok'),
	('46', 'Steadman', 'Walter'),
	('52', 'Nordstrom', 'Carol'),
	('61', 'Leung', 'Luke'),
	('65', 'O\'Brien', 'Sue Anne'),
	('71', 'Burbank', 'Jennifer M.'),
	('72', 'Sutherland', 'Claudia'),
	('83', 'Bishop', 'Dana'),
	('85', 'MacDonald', 'Mary S.'),
	('94', 'Williams', 'Randy'),
	('105', 'Bender', 'Oliver H.'),
	('107', 'Cook', 'Kevin'),
	('109', 'Brown', 'Kelly'),
	('110', 'Ichida', 'Yuki'),
	('113', 'Page', 'Mary'),
	('114', 'Parker', 'Bill'),
	('118', 'Yamamoto', 'Takashi'),
	('121', 'Ferrari', 'Roberto'),
	('127', 'Yanowski', 'Michael'),
	('134', 'Glon', 'Jacques'),
	('136', 'Johnson', 'Scott'),
	('138', 'Green', 'T.J.'),
	('141', 'Osborne', 'Pierre'),
	('144', 'Montgomery', 'John'),
	('145', 'Guckenheimer', 'Mark');
/*!40000 ALTER TABLE `employee` ENABLE KEYS */;


-- Copiando estrutura para tabela curso.orders
CREATE TABLE IF NOT EXISTS `orders` (
  `OrderNo` tinytext,
  `CustNo` tinytext,
  `EmpNo` tinytext,
  `Sales` tinytext
) ENGINE=InnoDB DEFAULT CHARSET=utf8;

-- Copiando dados para a tabela curso.orders: ~205 rows (aproximadamente)
/*!40000 ALTER TABLE `orders` DISABLE KEYS */;
INSERT INTO `orders` (`OrderNo`, `CustNo`, `EmpNo`, `Sales`) VALUES
	('1003', '1351', '114', '1250,00'),
	('1004', '2156', '145', '7885,00'),
	('1005', '1356', '110', '4807,00'),
	('1006', '1380', '46', '31987,00'),
	('1007', '1384', '45', '6500,00'),
	('1008', '1510', '12', '1449,50'),
	('1009', '1513', '71', '5587,00'),
	('1010', '1551', '46', '4996,00'),
	('1011', '1560', '5', '2679,85'),
	('1012', '1563', '118', '5201,00'),
	('1013', '1624', '134', '3115,00'),
	('1014', '1645', '144', '134,85'),
	('1015', '1651', '71', '20321,75'),
	('1016', '1680', '65', '2605,00'),
	('1017', '1984', '28', '10195,00'),
	('1018', '2118', '118', '5256,00'),
	('1019', '2135', '114', '20602,00'),
	('1020', '2156', '61', '9955,00'),
	('1021', '2163', '52', '3719,00'),
	('1022', '2163', '46', '10064,65'),
	('1023', '1221', '5', '4674,00'),
	('1024', '3151', '2', '6897,00'),
	('1025', '1510', '8', '930,00'),
	('1026', '1624', '44', '2920,00'),
	('1027', '1384', '34', '25210,00'),
	('1028', '1651', '11', '343,80'),
	('1029', '1645', '110', '20108,00'),
	('1030', '3615', '107', '559,60'),
	('1031', '2118', '127', '12685,00'),
	('1032', '2163', '144', '775,00'),
	('1033', '1384', '138', '1238,00'),
	('1034', '1680', '24', '18532,00'),
	('1035', '1560', '15', '560,00'),
	('1036', '5384', '4', '4110,00'),
	('1037', '1984', '12', '3117,00'),
	('1038', '1645', '72', '10152,00'),
	('1039', '3158', '61', '536,80'),
	('1040', '6812', '52', '3632,00'),
	('1041', '4652', '109', '7807,00'),
	('1042', '3984', '9', '971,70'),
	('1043', '5132', '14', '12455,00'),
	('1044', '5515', '12', '64050,00'),
	('1045', '9841', '36', '787,80'),
	('1046', '2315', '24', '766,80'),
	('1047', '5515', '44', '15365,00'),
	('1048', '5432', '118', '7346,00'),
	('1049', '9841', '107', '1809,85'),
	('1050', '3052', '94', '6287,85'),
	('1051', '2165', '2', '325,00'),
	('1052', '1351', '144', '16788,00'),
	('1053', '6516', '145', '24650,00'),
	('1054', '5432', '83', '14188,00'),
	('1055', '1351', '29', '23406,00'),
	('1056', '1513', '24', '19293,70'),
	('1057', '1563', '14', '1975,00'),
	('1058', '2118', '8', '12736,00'),
	('1059', '1356', '109', '2150,00'),
	('1060', '1231', '94', '15355,00'),
	('1061', '1563', '2', '24277,30'),
	('1062', '2118', '11', '18320,00'),
	('1063', '3042', '24', '61869,30'),
	('1064', '2118', '83', '395,00'),
	('1065', '6312', '72', '17814,00'),
	('1066', '3054', '65', '19812,00'),
	('1067', '1351', '34', '4495,00'),
	('1068', '4531', '105', '31847,00'),
	('1069', '2975', '136', '33829,45'),
	('1070', '6215', '144', '22354,00'),
	('1071', '1560', '114', '103041,00'),
	('1072', '1356', '29', '3596,00'),
	('1073', '1231', '2', '19414,00'),
	('1074', '1984', '15', '2195,00'),
	('1075', '1351', '11', '8560,00'),
	('1076', '1221', '9', '17781,00'),
	('1077', '1551', '110', '156,00'),
	('1078', '3041', '39', '79116,00'),
	('1079', '1380', '44', '4445,00'),
	('1080', '1356', '45', '9634,00'),
	('1081', '3042', '109', '30566,00'),
	('1082', '1551', '2', '1416,45'),
	('1083', '1563', '20', '11164,80'),
	('1084', '1680', '15', '1185,00'),
	('1086', '1513', '29', '14049,95'),
	('1087', '1351', '127', '14045,00'),
	('1089', '3151', '113', '2706,00'),
	('1090', '1513', '94', '8507,00'),
	('1091', '1563', '83', '1950,00'),
	('1092', '6582', '61', '76698,75'),
	('1093', '1680', '2', '479,80'),
	('1094', '5163', '4', '4113,75'),
	('1095', '2156', '36', '7531,75'),
	('1096', '2354', '34', '123740,00'),
	('1097', '3615', '107', '12953,60'),
	('1098', '2315', '118', '472,90'),
	('1099', '1984', '138', '859,95'),
	('1100', '1384', '9', '6094,80'),
	('1101', '2165', '37', '11629,85'),
	('1102', '1231', '105', '2844,00'),
	('1103', '3042', '94', '39797,70'),
	('1104', '1354', '83', '51673,15'),
	('1105', '1356', '28', '31219,95'),
	('1106', '1380', '15', '3531,80'),
	('1107', '1384', '134', '28389,00'),
	('1109', '1513', '145', '203,00'),
	('1111', '1560', '2', '4720,80'),
	('1112', '4531', '61', '5565,00'),
	('1113', '1624', '9', '2514,65'),
	('1115', '4684', '29', '4894,95'),
	('1116', '1680', '113', '23104,00'),
	('1117', '1984', '44', '6734,85'),
	('1118', '2118', '34', '21614,00'),
	('1119', '5384', '2', '14557,95'),
	('1120', '2156', '46', '784,90'),
	('1121', '2163', '85', '820,00'),
	('1122', '2163', '141', '44854,00'),
	('1123', '1221', '121', '13945,00'),
	('1124', '1384', '71', '33071,00'),
	('1125', '1510', '44', '6583,80'),
	('1126', '1624', '45', '10107,00'),
	('1127', '1384', '65', '25071,00'),
	('1128', '1651', '37', '8294,00'),
	('1129', '1645', '24', '1004,80'),
	('1130', '4312', '114', '6300,00'),
	('1131', '2118', '134', '11989,20'),
	('1132', '2163', '121', '906,00'),
	('1133', '3151', '138', '2419,00'),
	('1134', '5151', '94', '6675,95'),
	('1136', '2163', '71', '2971,00'),
	('1137', '1984', '11', '6785,40'),
	('1139', '1510', '29', '47710,75'),
	('1140', '6812', '52', '1240,00'),
	('1141', '4652', '83', '1846,00'),
	('1142', '3984', '105', '3546,00'),
	('1143', '5132', '113', '3087,00'),
	('1144', '5515', '134', '10054,00'),
	('1145', '9841', '144', '4229,80'),
	('1146', '2315', '94', '15052,00'),
	('1148', '1563', '83', '5011,00'),
	('1149', '9841', '52', '12900,75'),
	('1150', '3052', '44', '7671,90'),
	('1152', '1351', '24', '97698,60'),
	('1153', '1380', '4', '3860,85'),
	('1154', '1560', '9', '13226,80'),
	('1155', '1351', '37', '13935,95'),
	('1156', '1513', '46', '12367,00'),
	('1158', '5165', '141', '9793,55'),
	('1160', '1231', '110', '2206,85'),
	('1161', '1563', '94', '102453,60'),
	('1162', '2118', '114', '3153,00'),
	('1163', '1351', '83', '342,00'),
	('1165', '1513', '72', '2692,85'),
	('1166', '3054', '71', '28862,00'),
	('1168', '1563', '9', '104,00'),
	('1169', '1221', '12', '9471,95'),
	('1170', '1551', '20', '5654,80'),
	('1171', '1560', '136', '2356,90'),
	('1173', '1231', '127', '54,00'),
	('1175', '3051', '110', '13814,05'),
	('1176', '1221', '52', '4178,85'),
	('1178', '1231', '24', '5511,75'),
	('1180', '1356', '144', '3640,00'),
	('1183', '4531', '5', '3650,00'),
	('1195', '5384', '20', '7868,00'),
	('1196', '2354', '9', '5983,00'),
	('1197', '1513', '71', '6731,00'),
	('1198', '2315', '65', '72089,90'),
	('1199', '5163', '85', '716,00'),
	('1200', '1384', '107', '1827,00'),
	('1201', '2984', '114', '7990,00'),
	('1202', '1231', '145', '4205,00'),
	('1204', '3053', '141', '10263,75'),
	('1205', '3054', '8', '4029,55'),
	('1207', '1384', '52', '12949,70'),
	('1209', '1513', '61', '20711,90'),
	('1212', '1563', '4', '3975,75'),
	('1215', '1651', '34', '8305,95'),
	('1217', '1984', '14', '51730,80'),
	('1221', '2163', '2', '2099,00'),
	('1250', '3052', '61', '45160,10'),
	('1253', '1380', '46', '4774,85'),
	('1255', '1351', '127', '64115,75'),
	('1260', '3041', '107', '2577,85'),
	('1261', '1563', '45', '1999,00'),
	('1263', '3053', '44', '158922,65'),
	('1266', '1356', '71', '6935,00'),
	('1269', '1221', '28', '1400,00'),
	('1271', '1560', '145', '304,00'),
	('1275', '1351', '20', '16939,50'),
	('1278', '1231', '71', '11568,00'),
	('1280', '1356', '118', '4317,75'),
	('1283', '1563', '113', '7134,00'),
	('1292', '1354', '136', '7986,90'),
	('1294', '1984', '85', '3304,85'),
	('1295', '2156', '45', '17917,00'),
	('1296', '5412', '34', '7423,35'),
	('1298', '2315', '11', '9897,00'),
	('1300', '1384', '28', '52729,25'),
	('1302', '1231', '52', '24485,00'),
	('1305', '1356', '65', '3065,00'),
	('1309', '3615', '94', '465,00'),
	('1315', '1651', '121', '5037,10'),
	('1317', '1984', '138', '7572,00'),
	('1350', '3052', '71', '8939,60'),
	('1355', '3053', '141', '13908,00'),
	('1860', '3615', '9', '65,00');
/*!40000 ALTER TABLE `orders` ENABLE KEYS */;
/*!40101 SET SQL_MODE=IFNULL(@OLD_SQL_MODE, '') */;
/*!40014 SET FOREIGN_KEY_CHECKS=IF(@OLD_FOREIGN_KEY_CHECKS IS NULL, 1, @OLD_FOREIGN_KEY_CHECKS) */;
/*!40101 SET CHARACTER_SET_CLIENT=@OLD_CHARACTER_SET_CLIENT */;
